customer.1028648	Customer 1028648
customer.1039431	Customer 1039431
customer.1124347	Customer 1124347
customer.1164661	Customer 1164661
customer.1052975	Customer 1052975
customer.1116733	Customer 1116733
customer.1151264	Customer 1151264
customer.1026139	Customer 1026139
customer.1056310	Customer 1056310
customer.1051502	Customer 1051502
customer.1061033	Customer 1061033
customer.1160395	Customer 1160395
customer.1117489	Customer 1117489
customer.1166533	Customer 1166533
customer.1166667	Customer 1166667
customer.1167016	Customer 1167016
customer.1166986	Customer 1166986
customer.1167279	Customer 1167279
customer.1167524	Customer 1167524
customer.1167501	Customer 1167501
customer.1167764	Customer 1167764
customer.1198323	Customer 1198323
customer.1110904	Customer 1110904
customer.1198677	Customer 1198677
customer.1150722	Customer 1150722
customer.1199848	Customer 1199848
customer.1199357	Customer 1199357
customer.1200549	Customer 1200549
customer.1200265	Customer 1200265
customer.1200654	Customer 1200654
customer.1200878	Customer 1200878
customer.1201267	Customer 1201267
customer.1201271	Customer 1201271
customer.1034046	Customer 1034046
customer.1189439	Customer 1189439
customer.1201619	Customer 1201619
customer.1105947	Customer 1105947
customer.1202034	Customer 1202034
customer.1175917	Customer 1175917
customer.1202193	Customer 1202193
customer.1202124	Customer 1202124
customer.1169630	Customer 1169630
customer.1037185	Customer 1037185
customer.1201871	Customer 1201871
customer.1202507	Customer 1202507
customer.1029900	Customer 1029900
customer.1186008	Customer 1186008
customer.1203612	Customer 1203612
customer.1161791	Customer 1161791
customer.1203515	Customer 1203515
customer.1118992	Customer 1118992
customer.1204118	Customer 1204118
customer.1203646	Customer 1203646
customer.1204218	Customer 1204218
customer.1204875	Customer 1204875
customer.1204966	Customer 1204966
customer.1156265	Customer 1156265
customer.1120107	Customer 1120107
customer.1205641	Customer 1205641
customer.1206210	Customer 1206210
customer.1206164	Customer 1206164
customer.1206391	Customer 1206391
customer.1195460	Customer 1195460
customer.1195230	Customer 1195230
customer.1170340	Customer 1170340
customer.1038319	Customer 1038319
customer.1038802	Customer 1038802
customer.1036230	Customer 1036230
customer.1195918	Customer 1195918
customer.1196845	Customer 1196845
customer.1170355	Customer 1170355
customer.1196321	Customer 1196321
customer.1120597	Customer 1120597
customer.1195730	Customer 1195730
customer.1197926	Customer 1197926
customer.1170553	Customer 1170553
customer.1147116	Customer 1147116
customer.1170586	Customer 1170586
customer.1116299	Customer 1116299
customer.1170799	Customer 1170799
customer.1181240	Customer 1181240
customer.1181606	Customer 1181606
customer.1181490	Customer 1181490
customer.1181508	Customer 1181508
customer.1181586	Customer 1181586
customer.1182300	Customer 1182300
customer.1182273	Customer 1182273
customer.1181735	Customer 1181735
customer.1133880	Customer 1133880
customer.1182602	Customer 1182602
customer.1040485	Customer 1040485
customer.1183328	Customer 1183328
customer.1183384	Customer 1183384
customer.1183794	Customer 1183794
customer.1183554	Customer 1183554
customer.1137070	Customer 1137070
customer.1181690	Customer 1181690
customer.1184025	Customer 1184025
customer.1184302	Customer 1184302
customer.1099479	Customer 1099479
customer.1035056	Customer 1035056
customer.1184671	Customer 1184671
customer.1184688	Customer 1184688
customer.1184425	Customer 1184425
customer.1091448	Customer 1091448
customer.1184963	Customer 1184963
customer.1084685	Customer 1084685
customer.1185588	Customer 1185588
customer.1185502	Customer 1185502
customer.1048858	Customer 1048858
customer.1168126	Customer 1168126
customer.1168420	Customer 1168420
customer.1168288	Customer 1168288
customer.1038293	Customer 1038293
customer.1043808	Customer 1043808
customer.1047399	Customer 1047399
customer.1175718	Customer 1175718
customer.1169196	Customer 1169196
customer.1169096	Customer 1169096
customer.1169623	Customer 1169623
customer.1169396	Customer 1169396
customer.1169336	Customer 1169336
customer.1169811	Customer 1169811
customer.1169754	Customer 1169754
customer.1190072	Customer 1190072
customer.1174438	Customer 1174438
customer.1131508	Customer 1131508
customer.1176431	Customer 1176431
customer.1046460	Customer 1046460
customer.1111073	Customer 1111073
customer.1122829	Customer 1122829
customer.1186485	Customer 1186485
customer.1182836	Customer 1182836
customer.1045693	Customer 1045693
customer.1096197	Customer 1096197
customer.1130921	Customer 1130921
customer.1187013	Customer 1187013
customer.1186916	Customer 1186916
customer.1039980	Customer 1039980
customer.1180283	Customer 1180283
customer.1180362	Customer 1180362
customer.1180249	Customer 1180249
customer.1169107	Customer 1169107
customer.1171451	Customer 1171451
customer.1171400	Customer 1171400
customer.1049562	Customer 1049562
customer.1171402	Customer 1171402
customer.1171620	Customer 1171620
customer.1171223	Customer 1171223
customer.1171774	Customer 1171774
customer.1047159	Customer 1047159
customer.1172314	Customer 1172314
customer.1172324	Customer 1172324
customer.1172714	Customer 1172714
customer.1172780	Customer 1172780
customer.1172463	Customer 1172463
customer.1081300	Customer 1081300
customer.1173183	Customer 1173183
customer.1147174	Customer 1147174
customer.1173643	Customer 1173643
customer.1026672	Customer 1026672
customer.1036964	Customer 1036964
customer.1174054	Customer 1174054
customer.1062161	Customer 1062161
customer.1075642	Customer 1075642
customer.1161662	Customer 1161662
customer.1104576	Customer 1104576
customer.1126229	Customer 1126229
customer.1105361	Customer 1105361
customer.1110551	Customer 1110551
customer.1086609	Customer 1086609
customer.1039027	Customer 1039027
customer.1147373	Customer 1147373
customer.1097728	Customer 1097728
customer.1158148	Customer 1158148
customer.1120158	Customer 1120158
customer.1139161	Customer 1139161
customer.1035659	Customer 1035659
customer.1062657	Customer 1062657
customer.1142587	Customer 1142587
customer.1142278	Customer 1142278
customer.1047978	Customer 1047978
customer.1145062	Customer 1145062
customer.1156983	Customer 1156983
customer.1119466	Customer 1119466
customer.1027071	Customer 1027071
customer.1069003	Customer 1069003
customer.1119346	Customer 1119346
customer.1072665	Customer 1072665
customer.1114911	Customer 1114911
customer.1103863	Customer 1103863
customer.1175048	Customer 1175048
customer.1097566	Customer 1097566
customer.1175066	Customer 1175066
customer.1175176	Customer 1175176
customer.1052954	Customer 1052954
customer.1075054	Customer 1075054
customer.1043963	Customer 1043963
customer.1175838	Customer 1175838
customer.1143621	Customer 1143621
customer.1176113	Customer 1176113
customer.1041985	Customer 1041985
customer.1176207	Customer 1176207
customer.1139328	Customer 1139328
customer.1146664	Customer 1146664
customer.1054388	Customer 1054388
customer.1176687	Customer 1176687
customer.1176743	Customer 1176743
customer.1114321	Customer 1114321
customer.1023152	Customer 1023152
customer.1043952	Customer 1043952
customer.1175280	Customer 1175280
customer.1178220	Customer 1178220
customer.1178994	Customer 1178994
customer.1179286	Customer 1179286
customer.1179255	Customer 1179255
customer.1179388	Customer 1179388
customer.1179365	Customer 1179365
customer.1179603	Customer 1179603
customer.1179784	Customer 1179784
customer.1022210	Customer 1022210
customer.1179696	Customer 1179696
customer.1077407	Customer 1077407
customer.1048400	Customer 1048400
customer.1165178	Customer 1165178
customer.1090481	Customer 1090481
customer.1092743	Customer 1092743
customer.1156073	Customer 1156073
customer.1103738	Customer 1103738
customer.1024752	Customer 1024752
customer.1156236	Customer 1156236
customer.1152813	Customer 1152813
customer.1091660	Customer 1091660
customer.1067006	Customer 1067006
customer.1063914	Customer 1063914
customer.1113615	Customer 1113615
customer.1085453	Customer 1085453
customer.1076982	Customer 1076982
customer.1107023	Customer 1107023
customer.1157118	Customer 1157118
customer.1113733	Customer 1113733
customer.1166107	Customer 1166107
customer.1024435	Customer 1024435
customer.1166444	Customer 1166444
customer.1158840	Customer 1158840
customer.1167319	Customer 1167319
customer.1065220	Customer 1065220
customer.1127866	Customer 1127866
customer.1167660	Customer 1167660
customer.1167872	Customer 1167872
customer.1167748	Customer 1167748
customer.1198459	Customer 1198459
customer.1198906	Customer 1198906
customer.1199241	Customer 1199241
customer.1199680	Customer 1199680
customer.1199905	Customer 1199905
customer.1173937	Customer 1173937
customer.1200251	Customer 1200251
customer.1200168	Customer 1200168
customer.1200166	Customer 1200166
customer.1201258	Customer 1201258
customer.1201640	Customer 1201640
customer.1201864	Customer 1201864
customer.1201637	Customer 1201637
customer.1202121	Customer 1202121
customer.1202323	Customer 1202323
customer.1138958	Customer 1138958
customer.1110956	Customer 1110956
customer.1202853	Customer 1202853
customer.1203179	Customer 1203179
customer.1203548	Customer 1203548
customer.1203003	Customer 1203003
customer.1203273	Customer 1203273
customer.1079052	Customer 1079052
customer.1204586	Customer 1204586
customer.1204811	Customer 1204811
customer.1204448	Customer 1204448
customer.1111928	Customer 1111928
customer.1186063	Customer 1186063
customer.1205521	Customer 1205521
customer.1205505	Customer 1205505
customer.1205189	Customer 1205189
customer.1205562	Customer 1205562
customer.1205467	Customer 1205467
customer.1205981	Customer 1205981
customer.1165386	Customer 1165386
customer.1205761	Customer 1205761
customer.1205648	Customer 1205648
customer.1156202	Customer 1156202
customer.1053787	Customer 1053787
customer.1195412	Customer 1195412
customer.1187410	Customer 1187410
customer.1094944	Customer 1094944
customer.1196239	Customer 1196239
customer.1088789	Customer 1088789
customer.1195855	Customer 1195855
customer.1196775	Customer 1196775
customer.1196343	Customer 1196343
customer.1196931	Customer 1196931
customer.1113027	Customer 1113027
customer.1079140	Customer 1079140
customer.1041404	Customer 1041404
customer.1070188	Customer 1070188
customer.1170562	Customer 1170562
customer.1034772	Customer 1034772
customer.1170747	Customer 1170747
customer.1170784	Customer 1170784
customer.1198124	Customer 1198124
customer.1198123	Customer 1198123
customer.1059242	Customer 1059242
customer.1032286	Customer 1032286
customer.1180877	Customer 1180877
customer.1181353	Customer 1181353
customer.1180865	Customer 1180865
customer.1098401	Customer 1098401
customer.1127081	Customer 1127081
customer.1075209	Customer 1075209
customer.1182289	Customer 1182289
customer.1038282	Customer 1038282
customer.1182802	Customer 1182802
customer.1079609	Customer 1079609
customer.1183362	Customer 1183362
customer.1183413	Customer 1183413
customer.1183694	Customer 1183694
customer.1183661	Customer 1183661
customer.1183627	Customer 1183627
customer.1183648	Customer 1183648
customer.1093133	Customer 1093133
customer.1184958	Customer 1184958
customer.1046240	Customer 1046240
customer.1185551	Customer 1185551
customer.1185582	Customer 1185582
customer.1185521	Customer 1185521
customer.1185611	Customer 1185611
customer.1185435	Customer 1185435
customer.1129843	Customer 1129843
customer.1134256	Customer 1134256
customer.1058695	Customer 1058695
customer.1168457	Customer 1168457
customer.1168450	Customer 1168450
customer.1121704	Customer 1121704
customer.1033396	Customer 1033396
customer.1119639	Customer 1119639
customer.1168820	Customer 1168820
customer.1169008	Customer 1169008
customer.1025865	Customer 1025865
customer.1106602	Customer 1106602
customer.1169330	Customer 1169330
customer.1169356	Customer 1169356
customer.1168992	Customer 1168992
customer.1169686	Customer 1169686
customer.1169945	Customer 1169945
customer.1188206	Customer 1188206
customer.1186766	Customer 1186766
customer.1186648	Customer 1186648
customer.1046306	Customer 1046306
customer.1187046	Customer 1187046
customer.1179975	Customer 1179975
customer.1024861	Customer 1024861
customer.1171502	Customer 1171502
customer.1171710	Customer 1171710
customer.1171491	Customer 1171491
customer.1171413	Customer 1171413
customer.1171973	Customer 1171973
customer.1172183	Customer 1172183
customer.1171991	Customer 1171991
customer.1172617	Customer 1172617
customer.1095920	Customer 1095920
customer.1172549	Customer 1172549
customer.1173072	Customer 1173072
customer.1173258	Customer 1173258
customer.1173429	Customer 1173429
customer.1173488	Customer 1173488
customer.1115477	Customer 1115477
customer.1174360	Customer 1174360
customer.1157711	Customer 1157711
customer.1036386	Customer 1036386
customer.1113996	Customer 1113996
customer.1091004	Customer 1091004
customer.1080600	Customer 1080600
customer.1104973	Customer 1104973
customer.1088222	Customer 1088222
customer.1048566	Customer 1048566
customer.1078399	Customer 1078399
customer.1084024	Customer 1084024
customer.1098067	Customer 1098067
customer.1104360	Customer 1104360
customer.1133279	Customer 1133279
customer.1156595	Customer 1156595
customer.1105208	Customer 1105208
customer.1120566	Customer 1120566
customer.1030496	Customer 1030496
customer.1088310	Customer 1088310
customer.1117750	Customer 1117750
customer.1026966	Customer 1026966
customer.1087351	Customer 1087351
customer.1174685	Customer 1174685
customer.1174598	Customer 1174598
customer.1175189	Customer 1175189
customer.1131633	Customer 1131633
customer.1069846	Customer 1069846
customer.1028718	Customer 1028718
customer.1167032	Customer 1167032
customer.1175746	Customer 1175746
customer.1176136	Customer 1176136
customer.1176062	Customer 1176062
customer.1157883	Customer 1157883
customer.1108308	Customer 1108308
customer.1177022	Customer 1177022
customer.1151142	Customer 1151142
customer.1177931	Customer 1177931
customer.1178044	Customer 1178044
customer.1178069	Customer 1178069
customer.1112168	Customer 1112168
customer.1178726	Customer 1178726
customer.1179274	Customer 1179274
customer.1179132	Customer 1179132
customer.1061454	Customer 1061454
customer.1117603	Customer 1117603
customer.1115735	Customer 1115735
customer.1182227	Customer 1182227
customer.1182310	Customer 1182310
customer.1168506	Customer 1168506
customer.1096216	Customer 1096216
customer.1025586	Customer 1025586
customer.1121910	Customer 1121910
customer.1112422	Customer 1112422
customer.1044070	Customer 1044070
customer.1024259	Customer 1024259
customer.1134031	Customer 1134031
customer.1115203	Customer 1115203
customer.1034821	Customer 1034821
customer.1034586	Customer 1034586
customer.1123641	Customer 1123641
customer.1113465	Customer 1113465
customer.1120929	Customer 1120929
customer.1098329	Customer 1098329
customer.1156492	Customer 1156492
customer.1091357	Customer 1091357
customer.1086473	Customer 1086473
customer.1165491	Customer 1165491
customer.1032997	Customer 1032997
customer.1034185	Customer 1034185
customer.1122755	Customer 1122755
customer.1085293	Customer 1085293
customer.1163948	Customer 1163948
customer.1149245	Customer 1149245
customer.1110159	Customer 1110159
customer.1135715	Customer 1135715
customer.1114710	Customer 1114710
customer.1021673	Customer 1021673
customer.1064889	Customer 1064889
customer.1048328	Customer 1048328
customer.1087734	Customer 1087734
customer.1066860	Customer 1066860
customer.1061334	Customer 1061334
customer.1103297	Customer 1103297
customer.1032248	Customer 1032248
customer.1025832	Customer 1025832
customer.1087747	Customer 1087747
customer.1073190	Customer 1073190
customer.1131082	Customer 1131082
customer.1100771	Customer 1100771
customer.1027132	Customer 1027132
customer.1022892	Customer 1022892
customer.1068773	Customer 1068773
customer.1067581	Customer 1067581
customer.1097852	Customer 1097852
customer.1158463	Customer 1158463
customer.1070596	Customer 1070596
customer.1073657	Customer 1073657
customer.1121742	Customer 1121742
customer.1030145	Customer 1030145
customer.1061970	Customer 1061970
customer.1077144	Customer 1077144
customer.1030338	Customer 1030338
customer.1038138	Customer 1038138
customer.1032253	Customer 1032253
customer.1165179	Customer 1165179
customer.1165833	Customer 1165833
customer.1022607	Customer 1022607
customer.1165861	Customer 1165861
customer.1102722	Customer 1102722
customer.1163455	Customer 1163455
customer.1061564	Customer 1061564
customer.1099397	Customer 1099397
customer.1097490	Customer 1097490
customer.1067306	Customer 1067306
customer.1025779	Customer 1025779
customer.1109875	Customer 1109875
customer.1136352	Customer 1136352
customer.1068104	Customer 1068104
customer.1148062	Customer 1148062
customer.1034591	Customer 1034591
customer.1112796	Customer 1112796
customer.1066573	Customer 1066573
customer.1166012	Customer 1166012
customer.1097906	Customer 1097906
customer.1138531	Customer 1138531
customer.1147384	Customer 1147384
customer.1043180	Customer 1043180
customer.1108842	Customer 1108842
customer.1124763	Customer 1124763
customer.1112497	Customer 1112497
customer.1128737	Customer 1128737
customer.1144231	Customer 1144231
customer.1087194	Customer 1087194
customer.1063484	Customer 1063484
customer.1161433	Customer 1161433
customer.1166034	Customer 1166034
customer.1153579	Customer 1153579
customer.1160009	Customer 1160009
customer.1166103	Customer 1166103
customer.1166197	Customer 1166197
customer.1166300	Customer 1166300
customer.1166426	Customer 1166426
customer.1115167	Customer 1115167
customer.1166491	Customer 1166491
customer.1099839	Customer 1099839
customer.1166445	Customer 1166445
customer.1166391	Customer 1166391
customer.1166338	Customer 1166338
customer.1166706	Customer 1166706
customer.1166711	Customer 1166711
customer.1166744	Customer 1166744
customer.1166670	Customer 1166670
customer.1166674	Customer 1166674
customer.1166726	Customer 1166726
customer.1166660	Customer 1166660
customer.1166749	Customer 1166749
customer.1166634	Customer 1166634
customer.1166801	Customer 1166801
customer.1166852	Customer 1166852
customer.1091396	Customer 1091396
customer.1078139	Customer 1078139
customer.1117688	Customer 1117688
customer.1167058	Customer 1167058
customer.1087172	Customer 1087172
customer.1167103	Customer 1167103
customer.1166985	Customer 1166985
customer.1166973	Customer 1166973
customer.1165596	Customer 1165596
customer.1083888	Customer 1083888
customer.1167425	Customer 1167425
customer.1167428	Customer 1167428
customer.1167444	Customer 1167444
customer.1167433	Customer 1167433
customer.1133211	Customer 1133211
customer.1133724	Customer 1133724
customer.1107555	Customer 1107555
customer.1167315	Customer 1167315
customer.1167583	Customer 1167583
customer.1051477	Customer 1051477
customer.1167738	Customer 1167738
customer.1167560	Customer 1167560
customer.1167697	Customer 1167697
customer.1167943	Customer 1167943
customer.1144954	Customer 1144954
customer.1167855	Customer 1167855
customer.1167914	Customer 1167914
customer.1167878	Customer 1167878
customer.1167869	Customer 1167869
customer.1167951	Customer 1167951
customer.1153124	Customer 1153124
customer.1198260	Customer 1198260
customer.1198460	Customer 1198460
customer.1198491	Customer 1198491
customer.1198507	Customer 1198507
customer.1198288	Customer 1198288
customer.1198454	Customer 1198454
customer.1079786	Customer 1079786
customer.1198414	Customer 1198414
customer.1199033	Customer 1199033
customer.1149590	Customer 1149590
customer.1198710	Customer 1198710
customer.1086598	Customer 1086598
customer.1198655	Customer 1198655
customer.1198554	Customer 1198554
customer.1199207	Customer 1199207
customer.1198583	Customer 1198583
customer.1199269	Customer 1199269
customer.1199173	Customer 1199173
customer.1198963	Customer 1198963
customer.1198874	Customer 1198874
customer.1199048	Customer 1199048
customer.1199265	Customer 1199265
customer.1198852	Customer 1198852
customer.1199068	Customer 1199068
customer.1164303	Customer 1164303
customer.1198738	Customer 1198738
customer.1198839	Customer 1198839
customer.1168096	Customer 1168096
customer.1198962	Customer 1198962
customer.1198721	Customer 1198721
customer.1198816	Customer 1198816
customer.1098586	Customer 1098586
customer.1198982	Customer 1198982
customer.1196070	Customer 1196070
customer.1163885	Customer 1163885
customer.1199430	Customer 1199430
customer.1199787	Customer 1199787
customer.1105218	Customer 1105218
customer.1199580	Customer 1199580
customer.1199422	Customer 1199422
customer.1199867	Customer 1199867
customer.1199385	Customer 1199385
customer.1193878	Customer 1193878
customer.1048713	Customer 1048713
customer.1185968	Customer 1185968
customer.1199499	Customer 1199499
customer.1125243	Customer 1125243
customer.1200661	Customer 1200661
customer.1200382	Customer 1200382
customer.1077047	Customer 1077047
customer.1117134	Customer 1117134
customer.1200386	Customer 1200386
customer.1065054	Customer 1065054
customer.1200329	Customer 1200329
customer.1200541	Customer 1200541
customer.1104485	Customer 1104485
customer.1200139	Customer 1200139
customer.1200369	Customer 1200369
customer.1200288	Customer 1200288
customer.1109386	Customer 1109386
customer.1169650	Customer 1169650
customer.1201212	Customer 1201212
customer.1201370	Customer 1201370
customer.1201409	Customer 1201409
customer.1201337	Customer 1201337
customer.1200695	Customer 1200695
customer.1200989	Customer 1200989
customer.1200750	Customer 1200750
customer.1201276	Customer 1201276
customer.1037032	Customer 1037032
customer.1201469	Customer 1201469
customer.1201353	Customer 1201353
customer.1201285	Customer 1201285
customer.1201213	Customer 1201213
customer.1200889	Customer 1200889
customer.1201163	Customer 1201163
customer.1201091	Customer 1201091
customer.1047872	Customer 1047872
customer.1200915	Customer 1200915
customer.1201137	Customer 1201137
customer.1096665	Customer 1096665
customer.1201457	Customer 1201457
customer.1201247	Customer 1201247
customer.1201993	Customer 1201993
customer.1201657	Customer 1201657
customer.1161263	Customer 1161263
customer.1201939	Customer 1201939
customer.1201845	Customer 1201845
customer.1079792	Customer 1079792
customer.1201976	Customer 1201976
customer.1177090	Customer 1177090
customer.1068266	Customer 1068266
customer.1201933	Customer 1201933
customer.1201709	Customer 1201709
customer.1191779	Customer 1191779
customer.1201948	Customer 1201948
customer.1201984	Customer 1201984
customer.1135141	Customer 1135141
customer.1027744	Customer 1027744
customer.1201855	Customer 1201855
customer.1201946	Customer 1201946
customer.1201664	Customer 1201664
customer.1201621	Customer 1201621
customer.1192682	Customer 1192682
customer.1055050	Customer 1055050
customer.1201740	Customer 1201740
customer.1202380	Customer 1202380
customer.1202242	Customer 1202242
customer.1101017	Customer 1101017
customer.1202175	Customer 1202175
customer.1202123	Customer 1202123
customer.1202258	Customer 1202258
customer.1202102	Customer 1202102
customer.1202388	Customer 1202388
customer.1042851	Customer 1042851
customer.1202142	Customer 1202142
customer.1202130	Customer 1202130
customer.1202131	Customer 1202131
customer.1202439	Customer 1202439
customer.1202079	Customer 1202079
customer.1202452	Customer 1202452
customer.1202133	Customer 1202133
customer.1202467	Customer 1202467
customer.1070717	Customer 1070717
customer.1202716	Customer 1202716
customer.1202984	Customer 1202984
customer.1182053	Customer 1182053
customer.1169527	Customer 1169527
customer.1202701	Customer 1202701
customer.1193092	Customer 1193092
customer.1202848	Customer 1202848
customer.1162215	Customer 1162215
customer.1202823	Customer 1202823
customer.1202560	Customer 1202560
customer.1202690	Customer 1202690
customer.1202960	Customer 1202960
customer.1202748	Customer 1202748
customer.1202665	Customer 1202665
customer.1186000	Customer 1186000
customer.1202625	Customer 1202625
customer.1203084	Customer 1203084
customer.1151507	Customer 1151507
customer.1203614	Customer 1203614
customer.1203073	Customer 1203073
customer.1036383	Customer 1036383
customer.1203502	Customer 1203502
customer.1203132	Customer 1203132
customer.1122883	Customer 1122883
customer.1203269	Customer 1203269
customer.1203185	Customer 1203185
customer.1203511	Customer 1203511
customer.1078566	Customer 1078566
customer.1203194	Customer 1203194
customer.1203257	Customer 1203257
customer.1129215	Customer 1129215
customer.1203349	Customer 1203349
customer.1203495	Customer 1203495
customer.1186020	Customer 1186020
customer.1101973	Customer 1101973
customer.1126929	Customer 1126929
customer.1204337	Customer 1204337
customer.1203866	Customer 1203866
customer.1062820	Customer 1062820
customer.1204265	Customer 1204265
customer.1204189	Customer 1204189
customer.1204160	Customer 1204160
customer.1203897	Customer 1203897
customer.1204336	Customer 1204336
customer.1156122	Customer 1156122
customer.1107721	Customer 1107721
customer.1204164	Customer 1204164
customer.1204242	Customer 1204242
customer.1203810	Customer 1203810
customer.1078684	Customer 1078684
customer.1204343	Customer 1204343
customer.1204206	Customer 1204206
customer.1203792	Customer 1203792
customer.1176474	Customer 1176474
customer.1186034	Customer 1186034
customer.1204373	Customer 1204373
customer.1204359	Customer 1204359
customer.1204350	Customer 1204350
customer.1204369	Customer 1204369
customer.1059939	Customer 1059939
customer.1204452	Customer 1204452
customer.1204748	Customer 1204748
customer.1204990	Customer 1204990
customer.1204892	Customer 1204892
customer.1204501	Customer 1204501
customer.1204667	Customer 1204667
customer.1204699	Customer 1204699
customer.1198743	Customer 1198743
customer.1204455	Customer 1204455
customer.1204858	Customer 1204858
customer.1205015	Customer 1205015
customer.1204547	Customer 1204547
customer.1204886	Customer 1204886
customer.1136694	Customer 1136694
customer.1038586	Customer 1038586
customer.1204595	Customer 1204595
customer.1204565	Customer 1204565
customer.1204654	Customer 1204654
customer.1134041	Customer 1134041
customer.1205241	Customer 1205241
customer.1205436	Customer 1205436
customer.1078652	Customer 1078652
customer.1040958	Customer 1040958
customer.1205282	Customer 1205282
customer.1205194	Customer 1205194
customer.1205084	Customer 1205084
customer.1085794	Customer 1085794
customer.1205269	Customer 1205269
customer.1205713	Customer 1205713
customer.1204580	Customer 1204580
customer.1205702	Customer 1205702
customer.1205860	Customer 1205860
customer.1148225	Customer 1148225
customer.1178102	Customer 1178102
customer.1205951	Customer 1205951
customer.1152054	Customer 1152054
customer.1170163	Customer 1170163
customer.1205820	Customer 1205820
customer.1206329	Customer 1206329
customer.1206162	Customer 1206162
customer.1170643	Customer 1170643
customer.1206273	Customer 1206273
customer.1206361	Customer 1206361
customer.1206129	Customer 1206129
customer.1104510	Customer 1104510
customer.1206283	Customer 1206283
customer.1206198	Customer 1206198
customer.1206395	Customer 1206395
customer.1206133	Customer 1206133
customer.1206470	Customer 1206470
customer.1206276	Customer 1206276
customer.1187396	Customer 1187396
customer.1194456	Customer 1194456
customer.1068910	Customer 1068910
customer.1194927	Customer 1194927
customer.1187412	Customer 1187412
customer.1195359	Customer 1195359
customer.1195393	Customer 1195393
customer.1196026	Customer 1196026
customer.1170323	Customer 1170323
customer.1195956	Customer 1195956
customer.1196008	Customer 1196008
customer.1195520	Customer 1195520
customer.1196269	Customer 1196269
customer.1195597	Customer 1195597
customer.1195797	Customer 1195797
customer.1113856	Customer 1113856
customer.1195833	Customer 1195833
customer.1192226	Customer 1192226
customer.1112556	Customer 1112556
customer.1196145	Customer 1196145
customer.1195824	Customer 1195824
customer.1195850	Customer 1195850
customer.1180859	Customer 1180859
customer.1065809	Customer 1065809
customer.1195949	Customer 1195949
customer.1039301	Customer 1039301
customer.1195946	Customer 1195946
customer.1195732	Customer 1195732
customer.1195687	Customer 1195687
customer.1196001	Customer 1196001
customer.1196059	Customer 1196059
customer.1156369	Customer 1156369
customer.1196185	Customer 1196185
customer.1112040	Customer 1112040
customer.1196255	Customer 1196255
customer.1196187	Customer 1196187
customer.1039054	Customer 1039054
customer.1196655	Customer 1196655
customer.1196535	Customer 1196535
customer.1196575	Customer 1196575
customer.1196925	Customer 1196925
customer.1196929	Customer 1196929
customer.1196657	Customer 1196657
customer.1196957	Customer 1196957
customer.1101706	Customer 1101706
customer.1196647	Customer 1196647
customer.1196867	Customer 1196867
customer.1028638	Customer 1028638
customer.1196344	Customer 1196344
customer.1196648	Customer 1196648
customer.1101653	Customer 1101653
customer.1196813	Customer 1196813
customer.1170219	Customer 1170219
customer.1187333	Customer 1187333
customer.1196325	Customer 1196325
customer.1196747	Customer 1196747
customer.1196408	Customer 1196408
customer.1170410	Customer 1170410
customer.1197256	Customer 1197256
customer.1197025	Customer 1197025
customer.1064410	Customer 1064410
customer.1170401	Customer 1170401
customer.1098842	Customer 1098842
customer.1177016	Customer 1177016
customer.1170456	Customer 1170456
customer.1197154	Customer 1197154
customer.1197559	Customer 1197559
customer.1184770	Customer 1184770
customer.1197010	Customer 1197010
customer.1197460	Customer 1197460
customer.1197517	Customer 1197517
customer.1147496	Customer 1147496
customer.1197018	Customer 1197018
customer.1197576	Customer 1197576
customer.1197109	Customer 1197109
customer.1197196	Customer 1197196
customer.1197598	Customer 1197598
customer.1197602	Customer 1197602
customer.1197200	Customer 1197200
customer.1154040	Customer 1154040
customer.1106137	Customer 1106137
customer.1197935	Customer 1197935
customer.1187440	Customer 1187440
customer.1170632	Customer 1170632
customer.1170534	Customer 1170534
customer.1109751	Customer 1109751
customer.1197930	Customer 1197930
customer.1114614	Customer 1114614
customer.1152003	Customer 1152003
customer.1197620	Customer 1197620
customer.1197627	Customer 1197627
customer.1197812	Customer 1197812
customer.1170609	Customer 1170609
customer.1198036	Customer 1198036
customer.1185181	Customer 1185181
customer.1197965	Customer 1197965
customer.1187774	Customer 1187774
customer.1170913	Customer 1170913
customer.1171086	Customer 1171086
customer.1170819	Customer 1170819
customer.1170775	Customer 1170775
customer.1196445	Customer 1196445
customer.1170949	Customer 1170949
customer.1159652	Customer 1159652
customer.1171030	Customer 1171030
customer.1170815	Customer 1170815
customer.1170662	Customer 1170662
customer.1181567	Customer 1181567
customer.1181067	Customer 1181067
customer.1120211	Customer 1120211
customer.1181251	Customer 1181251
customer.1110572	Customer 1110572
customer.1161879	Customer 1161879
customer.1181235	Customer 1181235
customer.1181267	Customer 1181267
customer.1181511	Customer 1181511
customer.1105270	Customer 1105270
customer.1180892	Customer 1180892
customer.1180935	Customer 1180935
customer.1128960	Customer 1128960
customer.1181429	Customer 1181429
customer.1180861	Customer 1180861
customer.1049480	Customer 1049480
customer.1180735	Customer 1180735
customer.1180959	Customer 1180959
customer.1181523	Customer 1181523
customer.1181352	Customer 1181352
customer.1125397	Customer 1125397
customer.1180814	Customer 1180814
customer.1181213	Customer 1181213
customer.1181631	Customer 1181631
customer.1180961	Customer 1180961
customer.1172727	Customer 1172727
customer.1180832	Customer 1180832
customer.1118164	Customer 1118164
customer.1153122	Customer 1153122
customer.1162090	Customer 1162090
customer.1181970	Customer 1181970
customer.1060377	Customer 1060377
customer.1182078	Customer 1182078
customer.1182436	Customer 1182436
customer.1182394	Customer 1182394
customer.1182266	Customer 1182266
customer.1182435	Customer 1182435
customer.1181831	Customer 1181831
customer.1182262	Customer 1182262
customer.1182411	Customer 1182411
customer.1182190	Customer 1182190
customer.1049686	Customer 1049686
customer.1182017	Customer 1182017
customer.1182009	Customer 1182009
customer.1182221	Customer 1182221
customer.1181768	Customer 1181768
customer.1181871	Customer 1181871
customer.1182104	Customer 1182104
customer.1182014	Customer 1182014
customer.1181939	Customer 1181939
customer.1182127	Customer 1182127
customer.1182263	Customer 1182263
customer.1182155	Customer 1182155
customer.1182323	Customer 1182323
customer.1182389	Customer 1182389
customer.1182068	Customer 1182068
customer.1181672	Customer 1181672
customer.1182351	Customer 1182351
customer.1025327	Customer 1025327
customer.1183165	Customer 1183165
customer.1182657	Customer 1182657
customer.1079583	Customer 1079583
customer.1183048	Customer 1183048
customer.1123100	Customer 1123100
customer.1182560	Customer 1182560
customer.1182543	Customer 1182543
customer.1103607	Customer 1103607
customer.1182906	Customer 1182906
customer.1182565	Customer 1182565
customer.1182577	Customer 1182577
customer.1183086	Customer 1183086
customer.1142282	Customer 1142282
customer.1182756	Customer 1182756
customer.1182788	Customer 1182788
customer.1183055	Customer 1183055
customer.1182876	Customer 1182876
customer.1182872	Customer 1182872
customer.1088255	Customer 1088255
customer.1182521	Customer 1182521
customer.1183164	Customer 1183164
customer.1182801	Customer 1182801
customer.1182772	Customer 1182772
customer.1182771	Customer 1182771
customer.1183233	Customer 1183233
customer.1183548	Customer 1183548
customer.1079315	Customer 1079315
customer.1183541	Customer 1183541
customer.1183644	Customer 1183644
customer.1183773	Customer 1183773
customer.1183291	Customer 1183291
customer.1187458	Customer 1187458
customer.1183562	Customer 1183562
customer.1183517	Customer 1183517
customer.1183685	Customer 1183685
customer.1183377	Customer 1183377
customer.1183456	Customer 1183456
customer.1183423	Customer 1183423
customer.1031090	Customer 1031090
customer.1183319	Customer 1183319
customer.1183870	Customer 1183870
customer.1183290	Customer 1183290
customer.1183397	Customer 1183397
customer.1183185	Customer 1183185
customer.1184179	Customer 1184179
customer.1184015	Customer 1184015
customer.1184305	Customer 1184305
customer.1183980	Customer 1183980
customer.1184270	Customer 1184270
customer.1064850	Customer 1064850
customer.1183992	Customer 1183992
customer.1156437	Customer 1156437
customer.1184203	Customer 1184203
customer.1184099	Customer 1184099
customer.1140737	Customer 1140737
customer.1131260	Customer 1131260
customer.1080791	Customer 1080791
customer.1184276	Customer 1184276
customer.1111161	Customer 1111161
customer.1184036	Customer 1184036
customer.1164293	Customer 1164293
customer.1143560	Customer 1143560
customer.1135042	Customer 1135042
customer.1184762	Customer 1184762
customer.1184920	Customer 1184920
customer.1184897	Customer 1184897
customer.1170291	Customer 1170291
customer.1185211	Customer 1185211
customer.1128354	Customer 1128354
customer.1125520	Customer 1125520
customer.1117972	Customer 1117972
customer.1184803	Customer 1184803
customer.1185340	Customer 1185340
customer.1106821	Customer 1106821
customer.1185312	Customer 1185312
customer.1153637	Customer 1153637
customer.1185345	Customer 1185345
customer.1185222	Customer 1185222
customer.1184806	Customer 1184806
customer.1185366	Customer 1185366
customer.1185172	Customer 1185172
customer.1096863	Customer 1096863
customer.1185393	Customer 1185393
customer.1129475	Customer 1129475
customer.1185833	Customer 1185833
customer.1185856	Customer 1185856
customer.1185799	Customer 1185799
customer.1185503	Customer 1185503
customer.1185668	Customer 1185668
customer.1056445	Customer 1056445
customer.1108295	Customer 1108295
customer.1185755	Customer 1185755
customer.1029848	Customer 1029848
customer.1185661	Customer 1185661
customer.1121269	Customer 1121269
customer.1185912	Customer 1185912
customer.1185447	Customer 1185447
customer.1185452	Customer 1185452
customer.1185558	Customer 1185558
customer.1108223	Customer 1108223
customer.1185567	Customer 1185567
customer.1185649	Customer 1185649
customer.1170298	Customer 1170298
customer.1185750	Customer 1185750
customer.1170300	Customer 1170300
customer.1074865	Customer 1074865
customer.1185486	Customer 1185486
customer.1185534	Customer 1185534
customer.1066060	Customer 1066060
customer.1168044	Customer 1168044
customer.1167993	Customer 1167993
customer.1168167	Customer 1168167
customer.1168015	Customer 1168015
customer.1120641	Customer 1120641
customer.1168055	Customer 1168055
customer.1066486	Customer 1066486
customer.1168419	Customer 1168419
customer.1168448	Customer 1168448
customer.1168654	Customer 1168654
customer.1168657	Customer 1168657
customer.1168525	Customer 1168525
customer.1076243	Customer 1076243
customer.1168338	Customer 1168338
customer.1154452	Customer 1154452
customer.1036173	Customer 1036173
customer.1168531	Customer 1168531
customer.1168425	Customer 1168425
customer.1140821	Customer 1140821
customer.1168995	Customer 1168995
customer.1168724	Customer 1168724
customer.1049709	Customer 1049709
customer.1168702	Customer 1168702
customer.1139051	Customer 1139051
customer.1168959	Customer 1168959
customer.1168968	Customer 1168968
customer.1168741	Customer 1168741
customer.1169285	Customer 1169285
customer.1169282	Customer 1169282
customer.1169155	Customer 1169155
customer.1064221	Customer 1064221
customer.1095653	Customer 1095653
customer.1169059	Customer 1169059
customer.1052043	Customer 1052043
customer.1169587	Customer 1169587
customer.1078173	Customer 1078173
customer.1169579	Customer 1169579
customer.1025817	Customer 1025817
customer.1169411	Customer 1169411
customer.1125965	Customer 1125965
customer.1169557	Customer 1169557
customer.1058180	Customer 1058180
customer.1169344	Customer 1169344
customer.1169495	Customer 1169495
customer.1169321	Customer 1169321
customer.1055796	Customer 1055796
customer.1133142	Customer 1133142
customer.1169854	Customer 1169854
customer.1117218	Customer 1117218
customer.1105832	Customer 1105832
customer.1169795	Customer 1169795
customer.1176408	Customer 1176408
customer.1120873	Customer 1120873
customer.1169732	Customer 1169732
customer.1170109	Customer 1170109
customer.1065212	Customer 1065212
customer.1102491	Customer 1102491
customer.1158144	Customer 1158144
customer.1163568	Customer 1163568
customer.1169927	Customer 1169927
customer.1170079	Customer 1170079
customer.1169980	Customer 1169980
customer.1169956	Customer 1169956
customer.1169961	Customer 1169961
customer.1189708	Customer 1189708
customer.1157809	Customer 1157809
customer.1186142	Customer 1186142
customer.1186167	Customer 1186167
customer.1191646	Customer 1191646
customer.1191393	Customer 1191393
customer.1192590	Customer 1192590
customer.1176458	Customer 1176458
customer.1186342	Customer 1186342
customer.1186399	Customer 1186399
customer.1186488	Customer 1186488
customer.1186668	Customer 1186668
customer.1026254	Customer 1026254
customer.1186588	Customer 1186588
customer.1151315	Customer 1151315
customer.1186394	Customer 1186394
customer.1025074	Customer 1025074
customer.1186603	Customer 1186603
customer.1180012	Customer 1180012
customer.1186489	Customer 1186489
customer.1157567	Customer 1157567
customer.1186561	Customer 1186561
customer.1186377	Customer 1186377
customer.1186773	Customer 1186773
customer.1148966	Customer 1148966
customer.1186563	Customer 1186563
customer.1186526	Customer 1186526
customer.1186729	Customer 1186729
customer.1057190	Customer 1057190
customer.1143076	Customer 1143076
customer.1187265	Customer 1187265
customer.1187077	Customer 1187077
customer.1186994	Customer 1186994
customer.1180103	Customer 1180103
customer.1187177	Customer 1187177
customer.1187064	Customer 1187064
customer.1180078	Customer 1180078
customer.1180120	Customer 1180120
customer.1186858	Customer 1186858
customer.1187035	Customer 1187035
customer.1187284	Customer 1187284
customer.1186971	Customer 1186971
customer.1096489	Customer 1096489
customer.1075953	Customer 1075953
customer.1186826	Customer 1186826
customer.1159312	Customer 1159312
customer.1180520	Customer 1180520
customer.1118387	Customer 1118387
customer.1180653	Customer 1180653
customer.1180212	Customer 1180212
customer.1070442	Customer 1070442
customer.1180525	Customer 1180525
customer.1180549	Customer 1180549
customer.1180426	Customer 1180426
customer.1180535	Customer 1180535
customer.1084869	Customer 1084869
customer.1180478	Customer 1180478
customer.1180408	Customer 1180408
customer.1180523	Customer 1180523
customer.1180293	Customer 1180293
customer.1180196	Customer 1180196
customer.1147101	Customer 1147101
customer.1180175	Customer 1180175
customer.1171411	Customer 1171411
customer.1067995	Customer 1067995
customer.1171478	Customer 1171478
customer.1171395	Customer 1171395
customer.1171309	Customer 1171309
customer.1151304	Customer 1151304
customer.1171416	Customer 1171416
customer.1171366	Customer 1171366
customer.1079383	Customer 1079383
customer.1171459	Customer 1171459
customer.1171690	Customer 1171690
customer.1171418	Customer 1171418
customer.1171401	Customer 1171401
customer.1079004	Customer 1079004
customer.1171473	Customer 1171473
customer.1148297	Customer 1148297
customer.1043949	Customer 1043949
customer.1171683	Customer 1171683
customer.1171158	Customer 1171158
customer.1086966	Customer 1086966
customer.1171428	Customer 1171428
customer.1171464	Customer 1171464
customer.1044034	Customer 1044034
customer.1171770	Customer 1171770
customer.1171745	Customer 1171745
customer.1110239	Customer 1110239
customer.1171974	Customer 1171974
customer.1172316	Customer 1172316
customer.1171886	Customer 1171886
customer.1172280	Customer 1172280
customer.1172319	Customer 1172319
customer.1172067	Customer 1172067
customer.1171950	Customer 1171950
customer.1172117	Customer 1172117
customer.1065864	Customer 1065864
customer.1172395	Customer 1172395
customer.1172426	Customer 1172426
customer.1172255	Customer 1172255
customer.1172244	Customer 1172244
customer.1172257	Customer 1172257
customer.1162208	Customer 1162208
customer.1172788	Customer 1172788
customer.1172456	Customer 1172456
customer.1173014	Customer 1173014
customer.1172619	Customer 1172619
customer.1172844	Customer 1172844
customer.1172605	Customer 1172605
customer.1172687	Customer 1172687
customer.1172879	Customer 1172879
customer.1172610	Customer 1172610
customer.1172911	Customer 1172911
customer.1172496	Customer 1172496
customer.1172536	Customer 1172536
customer.1172519	Customer 1172519
customer.1172579	Customer 1172579
customer.1172890	Customer 1172890
customer.1048613	Customer 1048613
customer.1172730	Customer 1172730
customer.1173089	Customer 1173089
customer.1173323	Customer 1173323
customer.1173309	Customer 1173309
customer.1173178	Customer 1173178
customer.1147478	Customer 1147478
customer.1173405	Customer 1173405
customer.1100112	Customer 1100112
customer.1173174	Customer 1173174
customer.1173810	Customer 1173810
customer.1173729	Customer 1173729
customer.1173560	Customer 1173560
customer.1126369	Customer 1126369
customer.1173645	Customer 1173645
customer.1070827	Customer 1070827
customer.1174130	Customer 1174130
customer.1174031	Customer 1174031
customer.1173878	Customer 1173878
customer.1173980	Customer 1173980
customer.1173991	Customer 1173991
customer.1173993	Customer 1173993
customer.1039760	Customer 1039760
customer.1076631	Customer 1076631
customer.1137817	Customer 1137817
customer.1025122	Customer 1025122
customer.1095267	Customer 1095267
customer.1174023	Customer 1174023
customer.1174387	Customer 1174387
customer.1020838	Customer 1020838
customer.1174169	Customer 1174169
customer.1160564	Customer 1160564
customer.1129810	Customer 1129810
customer.1138092	Customer 1138092
customer.1030412	Customer 1030412
customer.1043530	Customer 1043530
customer.1161180	Customer 1161180
customer.1174414	Customer 1174414
customer.1090105	Customer 1090105
customer.1174223	Customer 1174223
customer.1057529	Customer 1057529
customer.1079986	Customer 1079986
customer.1064178	Customer 1064178
customer.1078326	Customer 1078326
customer.1102120	Customer 1102120
customer.1147198	Customer 1147198
customer.1163520	Customer 1163520
customer.1148962	Customer 1148962
customer.1117764	Customer 1117764
customer.1088923	Customer 1088923
customer.1127358	Customer 1127358
customer.1045408	Customer 1045408
customer.1129531	Customer 1129531
customer.1091214	Customer 1091214
customer.1122924	Customer 1122924
customer.1092598	Customer 1092598
customer.1053096	Customer 1053096
customer.1158202	Customer 1158202
customer.1143896	Customer 1143896
customer.1124764	Customer 1124764
customer.1032317	Customer 1032317
customer.1093785	Customer 1093785
customer.1155308	Customer 1155308
customer.1127771	Customer 1127771
customer.1057130	Customer 1057130
customer.1092479	Customer 1092479
customer.1127861	Customer 1127861
customer.1026354	Customer 1026354
customer.1102865	Customer 1102865
customer.1141613	Customer 1141613
customer.1101991	Customer 1101991
customer.1092772	Customer 1092772
customer.1113740	Customer 1113740
customer.1023173	Customer 1023173
customer.1105050	Customer 1105050
customer.1078546	Customer 1078546
customer.1163563	Customer 1163563
customer.1133359	Customer 1133359
customer.1110359	Customer 1110359
customer.1161530	Customer 1161530
customer.1114358	Customer 1114358
customer.1020592	Customer 1020592
customer.1037320	Customer 1037320
customer.1034303	Customer 1034303
customer.1022586	Customer 1022586
customer.1083717	Customer 1083717
customer.1157599	Customer 1157599
customer.1097526	Customer 1097526
customer.1096867	Customer 1096867
customer.1029139	Customer 1029139
customer.1050658	Customer 1050658
customer.1102403	Customer 1102403
customer.1163803	Customer 1163803
customer.1106073	Customer 1106073
customer.1026094	Customer 1026094
customer.1070477	Customer 1070477
customer.1149142	Customer 1149142
customer.1036992	Customer 1036992
customer.1089030	Customer 1089030
customer.1112176	Customer 1112176
customer.1157997	Customer 1157997
customer.1081264	Customer 1081264
customer.1027342	Customer 1027342
customer.1160066	Customer 1160066
customer.1045621	Customer 1045621
customer.1116569	Customer 1116569
customer.1032947	Customer 1032947
customer.1132392	Customer 1132392
customer.1066197	Customer 1066197
customer.1087420	Customer 1087420
customer.1109363	Customer 1109363
customer.1140924	Customer 1140924
customer.1096493	Customer 1096493
customer.1160824	Customer 1160824
customer.1147499	Customer 1147499
customer.1113611	Customer 1113611
customer.1054733	Customer 1054733
customer.1024959	Customer 1024959
customer.1045712	Customer 1045712
customer.1063134	Customer 1063134
customer.1043919	Customer 1043919
customer.1138363	Customer 1138363
customer.1074843	Customer 1074843
customer.1073204	Customer 1073204
customer.1114816	Customer 1114816
customer.1125635	Customer 1125635
customer.1165049	Customer 1165049
customer.1144961	Customer 1144961
customer.1076448	Customer 1076448
customer.1161664	Customer 1161664
customer.1147919	Customer 1147919
customer.1056502	Customer 1056502
customer.1028427	Customer 1028427
customer.1040664	Customer 1040664
customer.1111426	Customer 1111426
customer.1135239	Customer 1135239
customer.1121148	Customer 1121148
customer.1174807	Customer 1174807
customer.1174668	Customer 1174668
customer.1174798	Customer 1174798
customer.1174605	Customer 1174605
customer.1061168	Customer 1061168
customer.1056308	Customer 1056308
customer.1175111	Customer 1175111
customer.1175116	Customer 1175116
customer.1175030	Customer 1175030
customer.1174951	Customer 1174951
customer.1175140	Customer 1175140
customer.1080569	Customer 1080569
customer.1175442	Customer 1175442
customer.1061223	Customer 1061223
customer.1056925	Customer 1056925
customer.1175464	Customer 1175464
customer.1175663	Customer 1175663
customer.1175923	Customer 1175923
customer.1175738	Customer 1175738
customer.1176094	Customer 1176094
customer.1176108	Customer 1176108
customer.1150909	Customer 1150909
customer.1176010	Customer 1176010
customer.1176271	Customer 1176271
customer.1176370	Customer 1176370
customer.1176185	Customer 1176185
customer.1176380	Customer 1176380
customer.1176231	Customer 1176231
customer.1177012	Customer 1177012
customer.1176816	Customer 1176816
customer.1177131	Customer 1177131
customer.1078897	Customer 1078897
customer.1177086	Customer 1177086
customer.1176879	Customer 1176879
customer.1102730	Customer 1102730
customer.1070088	Customer 1070088
customer.1176998	Customer 1176998
customer.1076846	Customer 1076846
customer.1093811	Customer 1093811
customer.1126933	Customer 1126933
customer.1149756	Customer 1149756
customer.1176792	Customer 1176792
customer.1135751	Customer 1135751
customer.1060940	Customer 1060940
customer.1176819	Customer 1176819
customer.1093231	Customer 1093231
customer.1160146	Customer 1160146
customer.1176937	Customer 1176937
customer.1087038	Customer 1087038
customer.1176940	Customer 1176940
customer.1176941	Customer 1176941
customer.1176931	Customer 1176931
customer.1177081	Customer 1177081
customer.1176732	Customer 1176732
customer.1176966	Customer 1176966
customer.1177669	Customer 1177669
customer.1177642	Customer 1177642
customer.1177238	Customer 1177238
customer.1177671	Customer 1177671
customer.1071999	Customer 1071999
customer.1177367	Customer 1177367
customer.1177205	Customer 1177205
customer.1024987	Customer 1024987
customer.1177259	Customer 1177259
customer.1177265	Customer 1177265
customer.1177409	Customer 1177409
customer.1177548	Customer 1177548
customer.1177501	Customer 1177501
customer.1056380	Customer 1056380
customer.1177200	Customer 1177200
customer.1177575	Customer 1177575
customer.1177408	Customer 1177408
customer.1177516	Customer 1177516
customer.1177431	Customer 1177431
customer.1065017	Customer 1065017
customer.1122277	Customer 1122277
customer.1177398	Customer 1177398
customer.1134992	Customer 1134992
customer.1177160	Customer 1177160
customer.1157212	Customer 1157212
customer.1143553	Customer 1143553
customer.1178241	Customer 1178241
customer.1082836	Customer 1082836
customer.1130868	Customer 1130868
customer.1177877	Customer 1177877
customer.1052302	Customer 1052302
customer.1177991	Customer 1177991
customer.1065607	Customer 1065607
customer.1133704	Customer 1133704
customer.1178133	Customer 1178133
customer.1051459	Customer 1051459
customer.1178224	Customer 1178224
customer.1082856	Customer 1082856
customer.1178012	Customer 1178012
customer.1178168	Customer 1178168
customer.1178092	Customer 1178092
customer.1116515	Customer 1116515
customer.1177955	Customer 1177955
customer.1178137	Customer 1178137
customer.1178262	Customer 1178262
customer.1178104	Customer 1178104
customer.1178110	Customer 1178110
customer.1178826	Customer 1178826
customer.1150687	Customer 1150687
customer.1178280	Customer 1178280
customer.1058627	Customer 1058627
customer.1178460	Customer 1178460
customer.1078074	Customer 1078074
customer.1178729	Customer 1178729
customer.1178410	Customer 1178410
customer.1178445	Customer 1178445
customer.1093236	Customer 1093236
customer.1032256	Customer 1032256
customer.1123988	Customer 1123988
customer.1178357	Customer 1178357
customer.1052918	Customer 1052918
customer.1178687	Customer 1178687
customer.1178699	Customer 1178699
customer.1095622	Customer 1095622
customer.1179074	Customer 1179074
customer.1093780	Customer 1093780
customer.1179207	Customer 1179207
customer.1033367	Customer 1033367
customer.1179235	Customer 1179235
customer.1098952	Customer 1098952
customer.1178963	Customer 1178963
customer.1178947	Customer 1178947
customer.1178985	Customer 1178985
customer.1156445	Customer 1156445
customer.1179500	Customer 1179500
customer.1025904	Customer 1025904
customer.1079354	Customer 1079354
customer.1179379	Customer 1179379
customer.1179424	Customer 1179424
customer.1087143	Customer 1087143
customer.1179429	Customer 1179429
customer.1066332	Customer 1066332
customer.1179327	Customer 1179327
customer.1179744	Customer 1179744
customer.1179948	Customer 1179948
customer.1179754	Customer 1179754
customer.1133657	Customer 1133657
customer.1121962	Customer 1121962
customer.1179899	Customer 1179899
customer.1179929	Customer 1179929
customer.1045403	Customer 1045403
customer.1084482	Customer 1084482
customer.1179938	Customer 1179938
customer.11099052	Customer 11099052
customer.11282062	Customer 11282062
customer.11105042	Customer 11105042
customer.10401082	Customer 10401082
customer.10639002	Customer 10639002
customer.10443042	Customer 10443042
customer.10776052	Customer 10776052
customer.10911232	Customer 10911232
customer.11623152	Customer 11623152
customer.10398122	Customer 10398122
customer.10279222	Customer 10279222
customer.10873222	Customer 10873222
customer.10471182	Customer 10471182
customer.11146272	Customer 11146272
customer.11378112	Customer 11378112
customer.11236272	Customer 11236272
customer.10953282	Customer 10953282
customer.11050062	Customer 11050062
customer.11031012	Customer 11031012
customer.10843152	Customer 10843152
customer.11094182	Customer 11094182
customer.11658092	Customer 11658092
customer.10923062	Customer 10923062
customer.11310232	Customer 11310232
customer.11053242	Customer 11053242
customer.10698162	Customer 10698162
customer.11548252	Customer 11548252
customer.10603202	Customer 10603202
customer.11662062	Customer 11662062
customer.11664012	Customer 11664012
customer.11662262	Customer 11662262
customer.11663072	Customer 11663072
customer.11664272	Customer 11664272
customer.11664262	Customer 11664262
customer.10956132	Customer 10956132
customer.11663112	Customer 11663112
customer.11618162	Customer 11618162
customer.11667282	Customer 11667282
customer.11176202	Customer 11176202
customer.10334112	Customer 10334112
customer.11672032	Customer 11672032
customer.11596112	Customer 11596112
customer.11578262	Customer 11578262
customer.11672022	Customer 11672022
customer.11671192	Customer 11671192
customer.11674222	Customer 11674222
customer.11457152	Customer 11457152
customer.11603232	Customer 11603232
customer.11039132	Customer 11039132
customer.11679042	Customer 11679042
customer.11678112	Customer 11678112
customer.11985142	Customer 11985142
customer.11983092	Customer 11983092
customer.10694262	Customer 10694262
customer.11985172	Customer 11985172
customer.11984222	Customer 11984222
customer.10783012	Customer 10783012
customer.11984142	Customer 11984142
customer.11983212	Customer 11983212
customer.11277102	Customer 11277102
customer.11986062	Customer 11986062
customer.11986042	Customer 11986042
customer.11987092	Customer 11987092
customer.11988202	Customer 11988202
customer.11990122	Customer 11990122
customer.11459042	Customer 11459042
customer.11987112	Customer 11987112
customer.11992102	Customer 11992102
customer.11991102	Customer 11991102
customer.11991052	Customer 11991052
customer.11991262	Customer 11991262
customer.11991152	Customer 11991152
customer.11568272	Customer 11568272
customer.10630172	Customer 10630172
customer.10832192	Customer 10832192
customer.10762152	Customer 10762152
customer.11999262	Customer 11999262
customer.10418262	Customer 10418262
customer.11999162	Customer 11999162
customer.11998142	Customer 11998142
customer.11995172	Customer 11995172
customer.11994062	Customer 11994062
customer.11937182	Customer 11937182
customer.12003132	Customer 12003132
customer.11923122	Customer 11923122
customer.12005202	Customer 12005202
customer.12002122	Customer 12002122
customer.12002262	Customer 12002262
customer.12012242	Customer 12012242
customer.12010202	Customer 12010202
customer.12013132	Customer 12013132
customer.12013152	Customer 12013152
customer.10443282	Customer 10443282
customer.12018242	Customer 12018242
customer.12016282	Customer 12016282
customer.10750032	Customer 10750032
customer.12015202	Customer 12015202
customer.12020052	Customer 12020052
customer.12019102	Customer 12019102
customer.12019242	Customer 12019242
customer.12015132	Customer 12015132
customer.12028092	Customer 12028092
customer.11860122	Customer 11860122
customer.12029122	Customer 12029122
customer.11049242	Customer 11049242
customer.10440072	Customer 10440072
customer.12028112	Customer 12028112
customer.11701282	Customer 11701282
customer.12035202	Customer 12035202
customer.12030212	Customer 12030212
customer.12030142	Customer 12030142
customer.12032062	Customer 12032062
customer.12036052	Customer 12036052
customer.12037032	Customer 12037032
customer.12037122	Customer 12037122
customer.12038062	Customer 12038062
customer.11055222	Customer 11055222
customer.10245282	Customer 10245282
customer.12038202	Customer 12038202
customer.12043092	Customer 12043092
customer.12040122	Customer 12040122
customer.12040222	Customer 12040222
customer.12044022	Customer 12044022
customer.11191192	Customer 11191192
customer.12050112	Customer 12050112
customer.12046202	Customer 12046202
customer.10966222	Customer 10966222
customer.12055282	Customer 12055282
customer.11302002	Customer 11302002
customer.10213212	Customer 10213212
customer.12055122	Customer 12055122
customer.12053132	Customer 12053132
customer.12053142	Customer 12053142
customer.12054202	Customer 12054202
customer.12058022	Customer 12058022
customer.12059082	Customer 12059082
customer.11459172	Customer 11459172
customer.12059062	Customer 12059062
customer.12056192	Customer 12056192
customer.12059052	Customer 12059052
customer.12062232	Customer 12062232
customer.11943152	Customer 11943152
customer.11954222	Customer 11954222
customer.11484282	Customer 11484282
customer.11948042	Customer 11948042
customer.11739042	Customer 11739042
customer.11957152	Customer 11957152
customer.10350132	Customer 10350132
customer.11955282	Customer 11955282
customer.11958082	Customer 11958082
customer.11936172	Customer 11936172
customer.11541122	Customer 11541122
customer.11957062	Customer 11957062
customer.11964142	Customer 11964142
customer.11968172	Customer 11968172
customer.11967002	Customer 11967002
customer.11965282	Customer 11965282
customer.11968072	Customer 11968072
customer.11642162	Customer 11642162
customer.11718232	Customer 11718232
customer.11874272	Customer 11874272
customer.11456172	Customer 11456172
customer.11972042	Customer 11972042
customer.10691272	Customer 10691272
customer.11971262	Customer 11971262
customer.11704172	Customer 11704172
customer.11973262	Customer 11973262
customer.11973182	Customer 11973182
customer.11976062	Customer 11976062
customer.11977102	Customer 11977102
customer.11980012	Customer 11980012
customer.10687022	Customer 10687022
customer.11707282	Customer 11707282
customer.11707082	Customer 11707082
customer.11709252	Customer 11709252
customer.11982062	Customer 11982062
customer.11981012	Customer 11981012
customer.11710172	Customer 11710172
customer.11192072	Customer 11192072
customer.11981042	Customer 11981042
customer.11816272	Customer 11816272
customer.10363052	Customer 10363052
customer.10312232	Customer 10312232
customer.10984012	Customer 10984012
customer.11824172	Customer 11824172
customer.11360242	Customer 11360242
customer.11820172	Customer 11820172
customer.11824252	Customer 11824252
customer.11819012	Customer 11819012
customer.11162032	Customer 11162032
customer.11777242	Customer 11777242
customer.11817202	Customer 11817202
customer.10752092	Customer 10752092
customer.11818032	Customer 11818032
customer.11817092	Customer 11817092
customer.11825082	Customer 11825082
customer.11829182	Customer 11829182
customer.11316192	Customer 11316192
customer.11825132	Customer 11825132
customer.11831042	Customer 11831042
customer.11831062	Customer 11831062
customer.10291172	Customer 10291172
customer.11825092	Customer 11825092
customer.11828062	Customer 11828062
customer.11827002	Customer 11827002
customer.11829142	Customer 11829142
customer.10712272	Customer 10712272
customer.11834112	Customer 11834112
customer.11833272	Customer 11833272
customer.11839282	Customer 11839282
customer.11837132	Customer 11837132
customer.11833242	Customer 11833242
customer.11832062	Customer 11832062
customer.11833142	Customer 11833142
customer.10264072	Customer 10264072
customer.11842182	Customer 11842182
customer.11842112	Customer 11842112
customer.11845232	Customer 11845232
customer.11842172	Customer 11842172
customer.11844252	Customer 11844252
customer.11847082	Customer 11847082
customer.11234092	Customer 11234092
customer.11849102	Customer 11849102
customer.10339072	Customer 10339072
customer.11853062	Customer 11853062
customer.11853282	Customer 11853282
customer.11852032	Customer 11852032
customer.11850152	Customer 11850152
customer.11854092	Customer 11854092
customer.10251002	Customer 10251002
customer.11859112	Customer 11859112
customer.11856112	Customer 11856112
customer.11856122	Customer 11856122
customer.11858072	Customer 11858072
customer.11681232	Customer 11681232
customer.11682042	Customer 11682042
customer.11017072	Customer 11017072
customer.11683192	Customer 11683192
customer.11683262	Customer 11683262
customer.11682052	Customer 11682052
customer.11685192	Customer 11685192
customer.11689042	Customer 11689042
customer.11689072	Customer 11689072
customer.11687202	Customer 11687202
customer.11692142	Customer 11692142
customer.11696192	Customer 11696192
customer.10807252	Customer 10807252
customer.11517022	Customer 11517022
customer.11695032	Customer 11695032
customer.11462032	Customer 11462032
customer.11698032	Customer 11698032
customer.11698092	Customer 11698092
customer.11312012	Customer 11312012
customer.10652122	Customer 10652122
customer.11700252	Customer 11700252
customer.11700052	Customer 11700052
customer.11700132	Customer 11700132
customer.10725122	Customer 10725122
customer.10779022	Customer 10779022
customer.11901242	Customer 11901242
customer.11351112	Customer 11351112
customer.11800262	Customer 11800262
customer.11863122	Customer 11863122
customer.11867242	Customer 11867242
customer.11866122	Customer 11866122
customer.10759032	Customer 10759032
customer.10690002	Customer 10690002
customer.11872072	Customer 11872072
customer.11801092	Customer 11801092
customer.10298152	Customer 10298152
customer.11871252	Customer 11871252
customer.11873222	Customer 11873222
customer.11872032	Customer 11872032
customer.11869152	Customer 11869152
customer.11146062	Customer 11146062
customer.11804102	Customer 11804102
customer.11805222	Customer 11805222
customer.11714072	Customer 11714072
customer.11803132	Customer 11803132
customer.11806082	Customer 11806082
customer.11805092	Customer 11805092
customer.11805212	Customer 11805212
customer.10683222	Customer 10683222
customer.11363022	Customer 11363022
customer.11716072	Customer 11716072
customer.11716202	Customer 11716202
customer.11723222	Customer 11723222
customer.11719282	Customer 11719282
customer.11723272	Customer 11723272
customer.11722102	Customer 11722102
customer.11724072	Customer 11724072
customer.11720212	Customer 11720212
customer.10530152	Customer 10530152
customer.11063212	Customer 11063212
customer.11727162	Customer 11727162
customer.11727042	Customer 11727042
customer.11405152	Customer 11405152
customer.10607242	Customer 10607242
customer.11325022	Customer 11325022
customer.11733252	Customer 11733252
customer.11732012	Customer 11732012
customer.11731282	Customer 11731282
customer.11734272	Customer 11734272
customer.11737272	Customer 11737272
customer.11737032	Customer 11737032
customer.11736042	Customer 11736042
customer.11738052	Customer 11738052
customer.11736022	Customer 11736022
customer.11253032	Customer 11253032
customer.11121132	Customer 11121132
customer.11740172	Customer 11740172
customer.11740192	Customer 11740192
customer.11740282	Customer 11740282
customer.10848022	Customer 10848022
customer.10654032	Customer 10654032
customer.11743202	Customer 11743202
customer.11743282	Customer 11743282
customer.10656122	Customer 10656122
customer.10610282	Customer 10610282
customer.10471102	Customer 10471102
customer.10312242	Customer 10312242
customer.10363232	Customer 10363232
customer.10694162	Customer 10694162
customer.11570132	Customer 11570132
customer.10509262	Customer 10509262
customer.11163072	Customer 11163072
customer.10870242	Customer 10870242
customer.11120142	Customer 11120142
customer.11106142	Customer 11106142
customer.10453222	Customer 10453222
customer.10533242	Customer 10533242
customer.11079212	Customer 11079212
customer.10584052	Customer 10584052
customer.11156022	Customer 11156022
customer.11647192	Customer 11647192
customer.11096282	Customer 11096282
customer.11209002	Customer 11209002
customer.10659242	Customer 10659242
customer.10324152	Customer 10324152
customer.11470112	Customer 11470112
customer.11106162	Customer 11106162
customer.10484042	Customer 10484042
customer.11498252	Customer 11498252
customer.11393152	Customer 11393152
customer.11391262	Customer 11391262
customer.11459232	Customer 11459232
customer.11125212	Customer 11125212
customer.11102012	Customer 11102012
customer.10916022	Customer 10916022
customer.10520222	Customer 10520222
customer.11120202	Customer 11120202
customer.11398132	Customer 11398132
customer.10782122	Customer 10782122
customer.11116062	Customer 11116062
customer.11253252	Customer 11253252
customer.11164202	Customer 11164202
customer.10332142	Customer 10332142
customer.11089092	Customer 11089092
customer.10284272	Customer 10284272
customer.11747092	Customer 11747092
customer.11749042	Customer 11749042
customer.11745082	Customer 11745082
customer.10863232	Customer 10863232
customer.11750102	Customer 11750102
customer.11750052	Customer 11750052
customer.10900042	Customer 10900042
customer.10854012	Customer 10854012
customer.11754222	Customer 11754222
customer.11753062	Customer 11753062
customer.11754102	Customer 11754102
customer.11754122	Customer 11754122
customer.11753272	Customer 11753272
customer.11756252	Customer 11756252
customer.10264172	Customer 10264172
customer.11757042	Customer 11757042
customer.11759082	Customer 11759082
customer.11758122	Customer 11758122
customer.10225152	Customer 10225152
customer.10729122	Customer 10729122
customer.11758092	Customer 11758092
customer.11761092	Customer 11761092
customer.11760122	Customer 11760122
customer.11762282	Customer 11762282
customer.11763062	Customer 11763062
customer.11763222	Customer 11763222
customer.11762082	Customer 11762082
customer.11762232	Customer 11762232
customer.10238032	Customer 10238032
customer.11247032	Customer 11247032
customer.11769062	Customer 11769062
customer.11300282	Customer 11300282
customer.11766172	Customer 11766172
customer.10896272	Customer 10896272
customer.10664212	Customer 10664212
customer.11768122	Customer 11768122
customer.11769082	Customer 11769082
customer.11767112	Customer 11767112
customer.11303212	Customer 11303212
customer.11773232	Customer 11773232
customer.11776092	Customer 11776092
customer.11775212	Customer 11775212
customer.10269282	Customer 10269282
customer.11557212	Customer 11557212
customer.11580112	Customer 11580112
customer.10767032	Customer 10767032
customer.11331082	Customer 11331082
customer.11777232	Customer 11777232
customer.11260272	Customer 11260272
customer.11777092	Customer 11777092
customer.11788092	Customer 11788092
customer.11628012	Customer 11628012
customer.11111222	Customer 11111222
customer.11063042	Customer 11063042
customer.11143112	Customer 11143112
customer.11787252	Customer 11787252
customer.11783202	Customer 11783202
customer.11791262	Customer 11791262
customer.10866212	Customer 10866212
customer.11203262	Customer 11203262
customer.11794272	Customer 11794272
customer.11795142	Customer 11795142
customer.11795152	Customer 11795152
customer.11793172	Customer 11793172
customer.11796152	Customer 11796152
customer.11793182	Customer 11793182
customer.11796112	Customer 11796112
customer.11799272	Customer 11799272
customer.11484232	Customer 11484232
customer.11850272	Customer 11850272
customer.11871052	Customer 11871052
customer.10987272	Customer 10987272
