760079	2(X)IST - Boxers - 760079
763583	2(X)IST - Boxers - 763583
757568	Adidas - Bags - 757568
760172	Adidas - Bags - 760172
760730	Adidas - Gloves - 760730
762899	Adidas - Tennis Shoes - 762899
765110	Adrienne Landau - Hats - 765110
770810	Adrienne Landau - Hats - 770810
765485	Alex Woo - Necklaces - 765485
771680	Alexander Mcqueen - Clutches - 771680
756317	Alexander Mcqueen - Coats - 756317
773531	Alexander Mcqueen - Designer Bags - 773531
777332	Alexander Mcqueen - Earrings - 777332
764039	Alexander Mcqueen - Formal Shirts - 764039
764231	Alexander Mcqueen - Long Sleeve - 764231
778517	Alexander Mcqueen - Shoulder Bags - 778517
773312	Alexis Bittar - Bracelets - 773312
775748	Alexis Bittar - Rings - 775748
759356	Alfani - Boxers - 759356
762344	Alfani - Briefs - 762344
763886	Alfani - Briefs - 763886
763382	Alfani - Ties - 763382
767069	Anne Klein - Belts - 767069
770036	Anne Klein - Belts - 770036
776660	Arabella - Bracelets - 776660
761288	Armani - Cardigans - 761288
758663	Armani - Coats - 758663
756653	Asics - Tennis Shoes - 756653
765011	BCBG - Wedges - 765011
757031	Belstaff - Coats - 757031
765965	Belstaff - Designer Pumps - 765965
759830	Belstaff - V-Neck - 759830
764225	Belstaff - V-Neck - 764225
771515	Betsey Johnson - Hats - 771515
761483	Billabong - Straight - 761483
758219	Bottega Veneta - Briefcases - 758219
771986	Bottega Veneta - Designer Pumps - 771986
766373	Breil - Watches - 766373
761069	Bulova - Watches - 761069
774164	Bumble And Bumble - Hair - 774164
760259	Burberry - Belts - 760259
777014	Burberry - Necklaces - 777014
765440	Burberry - Rings - 765440
760817	Burberry - Scarves - 760817
761273	Burberry - Scarves - 761273
765419	Burberry - Sunglasses - 765419
756182	Burberry - Wallets - 756182
756122	Burberry - Watches - 756122
759794	Burberry - Watches - 759794
762878	Burberry - Watches - 762878
776111	Burberry - Watches - 776111
777344	Calvin Klein - Belts - 777344
762764	Calvin Klein - Blazers - 762764
759152	Calvin Klein - Boxers - 759152
759968	Calvin Klein - Boxers - 759968
756791	Calvin Klein - Briefcases - 756791
763877	Calvin Klein - Cardigans - 763877
762395	Calvin Klein - Formal Shirts - 762395
768830	Calvin Klein - Hats - 768830
776318	Calvin Klein - Hats - 776318
755717	Calvin Klein - Jackets - 755717
760232	Calvin Klein - Jackets - 760232
760394	Calvin Klein - Polos - 760394
777005	Calvin Klein - Purses - 777005
761315	Calvin Klein - Sunglasses - 761315
767213	Calvin Klein - Sunglasses - 767213
760058	Calvin Klein - Wallets - 760058
765851	Cartier - Bracelets - 765851
770084	Chinese Laudry - Sandals - 770084
764720	Chloe - Clutches - 764720
769700	Chloe - Clutches - 769700
773840	Chloe - Clutches - 773840
766937	Cole Haan - Sandals - 766937
760772	Cole Haan - Tennis Shoes - 760772
759917	Converse - Tennis Shoes - 759917
777308	David Yurman - Sunglasses - 777308
760040	DC Shoes - Board Shorts - 760040
773444	De Beers - Earrings - 773444
769886	De Beers - Necklaces - 769886
778688	Diane Von Furstenberg - Boots - 778688
755294	Diesel - Blazers - 755294
756713	Diesel - Boxers - 756713
762449	Diesel - Boxers - 762449
763070	Diesel - Briefs - 763070
758765	Diesel - Coats - 758765
756047	Diesel - Formal Shirts - 756047
758783	Diesel - V-Neck - 758783
755522	DKNY - Straight - 755522
755375	Dockers - Cardigans - 755375
764249	Dockers - Casual Shirts - 764249
763220	Dockers - Dress Pants - 763220
762983	Dockers - Jackets - 762983
760346	Dockers - Short Sleeve - 760346
756221	Dolce & Gabbana - Boots - 756221
778394	Eileen Fisher - Designer Pumps - 778394
756203	Emporio Armani - Boxers - 756203
758750	Emporio Armani - Briefs - 758750
760205	Emporio Armani - Briefs - 760205
764171	Fendi - Briefcases - 764171
777734	Fendi - Necklaces - 777734
778589	Fendi - Rings - 778589
757952	Fendi - Sunglasses - 757952
762158	Fendi - Sunglasses - 762158
760883	Fossil - Bags - 760883
777728	Fossil - Clutches - 777728
759446	Fossil - Wallets - 759446
759098	Frye - Bags - 759098
770006	Frye - Designer Pumps - 770006
774914	Furla - Designer Bags - 774914
764144	Geoffrey Beene - Belts - 764144
760751	Giorgio Armani - Sunglasses - 760751
760742	Gold Toe - Socks - 760742
756473	Gucci - Bags - 756473
758513	Gucci - Bags - 758513
758921	Gucci - Bags - 758921
761168	Gucci - Boots - 761168
755783	Gucci - Cardigans - 755783
762932	Gucci - Scarves - 762932
763334	Gucci - V-Neck - 763334
759998	Gucci - Watches - 759998
768308	Gucci - Watches - 768308
758096	Guess - V-Neck - 758096
771731	Hermes - Designer Bags - 771731
756707	Hermes - Gloves - 756707
763373	Hermes - Gloves - 763373
762422	Hermes - Scarves - 762422
761699	Hudson - Flat Front - 761699
761420	Hugo Boss - Boots - 761420
764288	Hugo Boss - Boxers - 764288
759557	Hugo Boss - Cardigans - 759557
758786	Hugo Boss - Cargo - 758786
757676	Hugo Boss - Dress Pants - 757676
762989	Hugo Boss - Flat Front - 762989
758393	Hugo Boss - Formal Shirts - 758393
758903	Hugo Boss - Formal Shirts - 758903
759923	Hugo Boss - Formal Shirts - 759923
760670	Hugo Boss - Short Sleeve - 760670
758666	Hugo Boss - Sunglasses - 758666
763964	Hurley - Scarves - 763964
770372	Inc - Designer Pumps - 770372
762020	Inc - Wallets - 762020
766565	Ippolita - Bracelets - 766565
755600	Izod - Blazers - 755600
756836	Izod - Watches - 756836
755426	Jansport - Bags - 755426
778574	Jimmy Choo - Designer Pumps - 778574
758141	Jockey - Boxers - 758141
776432	John Hardy - Earrings - 776432
761066	John Varvatos - Boots - 761066
760544	John Varvatos - Coats - 760544
763538	John Varvatos - V-Neck - 763538
775136	Karl Lagerfeld - Watches - 775136
767045	Kate Spade - Designer Pumps - 767045
769358	Kate Spade - Gloves - 769358
775622	Kate Spade - Hats - 775622
778118	Kate Spade - Hats - 778118
755339	Kenneth Cole - Casual Shirts - 755339
760358	Kenneth Cole - Formal Shirts - 760358
778556	Kenneth Cole - Heels - 778556
756491	Kenneth Cole - Polos - 756491
760091	Kiton - Coats - 760091
757481	Lacoste - Casual Shirts - 757481
757865	Lacoste - V-Neck - 757865
763946	Lacoste - V-Neck - 763946
763622	Lanvin - Bags - 763622
759725	Lanvin - Casual Shirts - 759725
762941	Lanvin - Polos - 762941
757310	Lanvin - T-Shirts - 757310
758294	Levis - Belts - 758294
758084	Levis - Dress Pants - 758084
778640	Louis Vitton - Shoulder Bags - 778640
768797	Lucky Brand - Purses - 768797
761237	Lucky Brand - T-Shirts - 761237
760538	Luxe - Socks - 760538
774836	MAC - Makeup - 774836
773066	Manolo Blahnik - Designer Pumps - 773066
755315	Marc Jacobs - Dress - 755315
763961	Marc Jacobs - Flat Front - 763961
775844	Marc Jacobs - Watches - 775844
760559	Merrell - Shoes - 760559
766889	Michael Kors - Belts - 766889
774827	Michael Kors - Belts - 774827
757991	Michael Kors - Casual Shirts - 757991
764003	Michael Kors - Coats - 764003
761984	Michael Kors - Dress Pants - 761984
762260	Michael Kors - Sunglasses - 762260
758630	Michael Kors - Wallets - 758630
777236	Michael Kors - Watches - 777236
773117	Miu Miu - Purses - 773117
758693	Mizuno - Tennis Shoes - 758693
761858	Movado - Watches - 761858
775247	Mulberry - Designer Bags - 775247
771569	Mulberry - Shoulder Bags - 771569
755246	Nautica - Board Shorts - 755246
763925	Nautica - Board Shorts - 763925
757094	Nautica - Scarves - 757094
768380	Nautica - Sunglasses - 768380
764156	Nautica - Swim Trunks - 764156
757787	Nike - Casual Shirts - 757787
757745	Nike - Coats - 757745
758357	Nike - Coats - 758357
777218	Nike - Hats - 777218
757895	Nike - Straight - 757895
755837	Nike - Tennis Shoes - 755837
755954	Nike - V-Neck - 755954
773777	Nine West - Boots - 773777
764828	Nine West - Heels - 764828
758618	ONeill - Board Shorts - 758618
759683	ONeill - Coats - 759683
759287	ONeill - Jackets - 759287
769106	Oscar De La Renta - Designer Pumps - 769106
772226	Pandora - Necklaces - 772226
771281	Pandora - Rings - 771281
762143	Papi - Boxers - 762143
755807	Perry Ellis - Coats - 755807
762380	Perry Ellis - Straight - 762380
765779	Perry Ellis - Sunglasses - 765779
759752	Perry Ellis - Wallets - 759752
777188	Prada - Clutches - 777188
773048	Prada - Heels - 773048
761498	Prada - Scarves - 761498
762362	Prada - Sunglasses - 762362
765200	Prada - Sunglasses - 765200
758705	Puma - Casual Shirts - 758705
759257	Puma - Gloves - 759257
758915	Puma - Straight - 758915
763556	Quiksilver - Scarves - 763556
760592	Quiksilver - Straight - 760592
756341	Quiksilver - Swim Trunks - 756341
759191	Rag & Bone - Dress - 759191
760247	Ralph Lauren - Bags - 760247
761564	Ralph Lauren - Bags - 761564
759008	Ralph Lauren - Belts - 759008
769997	Ralph Lauren - Boots - 769997
763763	Ralph Lauren - Briefcases - 763763
755996	Ralph Lauren - Briefs - 755996
758129	Ralph Lauren - Cardigans - 758129
766553	Ralph Lauren - Clutches - 766553
758087	Ralph Lauren - Formal Shirts - 758087
763667	Ralph Lauren - Polos - 763667
769301	Ralph Lauren - Rings - 769301
766040	Ralph Lauren - Scarves - 766040
772340	Ralph Lauren - Sunglasses - 772340
761231	Ralph Lauren - Wallets - 761231
769631	Ralph Lauren - Wedges - 769631
762398	Rawlings - Belts - 762398
757775	Reebok - Tennis Shoes - 757775
767870	Revlon - Hair - 767870
758963	Robert Graham - Socks - 758963
776429	Roberto Coin - Rings - 776429
778409	Roberto Coin - Rings - 778409
764180	Rock & Republic - T-Shirts - 764180
760757	Salvatore Ferragamo - Watches - 760757
757160	Samsonite - Bags - 757160
756755	Saucony - Tennis Shoes - 756755
761804	Speedo - Swim Trunks - 761804
770270	Sperry - Hats - 770270
755594	Stefano Ricci - Ties - 755594
778400	Steve Madden - Designer Pumps - 778400
777485	Stewart Weitzman - Boots - 777485
775790	Tag Hauer - Watches - 775790
766130	Tahari - Wedges - 766130
777725	The Sak - Purses - 777725
765680	The Sak - Scarves - 765680
756089	Theory - Cardigans - 756089
757820	Theory - T-Shirts - 757820
766265	Timex - Watches - 766265
773480	Tods - Clutches - 773480
755630	Tom Ford - Bags - 755630
760274	Tom Ford - Bags - 760274
755756	Tommy Bahama - Board Shorts - 755756
761372	Tommy Hilfiger - Active - 761372
760727	Tommy Hilfiger - Boxers - 760727
763370	Tommy Hilfiger - Boxers - 763370
758303	Tommy Hilfiger - Cargo - 758303
760073	Tommy Hilfiger - Gloves - 760073
756278	Tommy Hilfiger - Scarves - 756278
773009	Tommy Hilfiger - Shoulder Bags - 773009
775733	Toms - Designer Pumps - 775733
764285	True Religion - Cardigans - 764285
756623	True Religion - Coats - 756623
761507	True Religion - Polos - 761507
764123	Under Armour - Active - 764123
762095	Under Armour - Casual Shirts - 762095
776846	Under Armour - Gloves - 776846
762287	Under Armour - Tennis Shoes - 762287
763346	Univibe - Swim Trunks - 763346
759608	Valentino - Bags - 759608
774875	Valentino - Bracelets - 774875
774998	Valentino - Earrings - 774998
773126	Valentino - Necklaces - 773126
769877	Valentino - Purses - 769877
765860	Valentino - Scarves - 765860
769460	Valentino - Sunglasses - 769460
756794	Valentino - Wallets - 756794
761708	Valentino - Wallets - 761708
766865	Vera Wang - Designer Pumps - 766865
776180	Vera Wang - Designer Pumps - 776180
761636	Versace - Blazers - 761636
763163	Versace - Cardigans - 763163
762677	Versace - Jackets - 762677
755348	Volcom - Swim Trunks - 755348
775064	Yves Saint Laurent - Necklaces - 775064
774965	Rag & Bone - Bootcut - 774965
767270	Nautica - Bootcut - 767270
775190	Diesel - Bootcut - 775190
775526	Joes Jeans - Bootcut - 775526
767462	Fidelity - Bootcut - 767462
772502	Ralph Lauren - Bootcut - 772502
773762	Paige - Bootcut - 773762
775169	Paige - Boyfriend - 775169
773021	Levis - Boyfriend - 773021
774488	Converse - Boyfriend - 774488
769814	DKNY - Denim Shorts - 769814
765593	Tommy Hilfiger - Denim Shorts - 765593
769994	Hudson - Denim Shorts - 769994
769634	Converse - Denim Shorts - 769634
776222	Paige - Denim Shorts - 776222
778562	Rag & Bone - Denim Shorts - 778562
777062	Diesel - Designer - 777062
770834	Nautica - Designer - 770834
770474	Paige - Designer - 770474
766607	Rock Revival - Designer - 766607
771374	Ralph Lauren - Designer - 771374
776708	Nautica - Skinny - 776708
766346	Rock Revival - Skinny - 766346
772280	Diesel - Skinny - 772280
771560	DKNY - Skinny - 771560
775529	DKNY - Straight - 775529
765584	Marc Jacobs - Straight - 765584
777833	Tommy Hilfiger - Straight - 777833
776933	Gucci - Straight - 776933
773585	Converse - Straight - 773585
765878	Alexander Mcqueen - Evening - 765878
765518	Betsey & Adams - Evening - 765518
776507	Ralph Lauren - Evening - 776507
775178	Nautica - Maxi Dress - 775178
775886	Michael Kors - Maxi Dress - 775886
774314	Ralph Lauren - Maxi Dress - 774314
771410	Bebe - Maxi Dress - 771410
765749	Michael Kors - Maxi Dress - 765749
772310	Tory Burch - Maxi Dress - 772310
765932	Marchesa - Party - 765932
771053	Jason Wu - Party - 771053
765173	Donna Karan - Party - 765173
768533	Ralph Lauren - Party - 768533
556734	Elyse Walker - Dresses - 556734
567309	Elyse Walker - Dresses - 567309
563085	Elyse Walker - Dresses - 563085
555570	Elyse Walker - Dresses - 555570
576513	Elyse Walker - Dresses - 576513
559236	Elyse Walker - Dresses - 559236
555066	Elyse Walker - Dresses - 555066
556197	Elyse Walker - Dresses - 556197
577101	Elyse Walker - Dresses - 577101
556221	Elyse Walker - Dresses - 556221
555675	Elyse Walker - Dresses - 555675
555690	Elyse Walker - Dresses - 555690
559545	Elyse Walker - Dresses - 559545
566340	Elyse Walker - Dresses - 566340
576768	Elyse Walker - Dresses - 576768
772487	Tahari - Summer - 772487
767447	Jason Wu - Summer - 767447
778175	Isaac Mizrahi - Summer - 778175
776870	BCBG - Coats - 776870
770822	Anne Klein - Coats - 770822
767582	Anne Klein - Coats - 767582
777770	Coach - Coats - 777770
778310	Guess - Coats - 778310
777950	Burberry - Coats - 777950
778130	Tory Burch - Coats - 778130
777230	Michael Kors - Coats - 777230
774212	Steve Madden - Jackets - 774212
775469	Ralph Lauren - Jackets - 775469
768125	Kate Spade - Jackets - 768125
769385	Calvin Klein - Jackets - 769385
766331	Via Spiga - Jackets - 766331
771536	Theory - Leather Jackets - 771536
770456	London Fog - Leather Jackets - 770456
772436	Kenneth Cole - Leather Jackets - 772436
768296	Kenneth Cole - Leather Jackets - 768296
765383	La Perla - Bras - 765383
776999	La Perla - Bras - 776999
764531	Pour Moi - Bras - 764531
772031	Gossard - Bras - 772031
777539	French Connection - Bras - 777539
769502	Chantelle - Corsets - 769502
771842	Calvin Klein - Corsets - 771842
768962	Lily Of France - Corsets - 768962
774386	Le Mystere - Corsets - 774386
766895	Gossard - Corsets - 766895
771488	Spanx - Lingerie Sets - 771488
771128	Bali - Lingerie Sets - 771128
775067	Spanx - Panties - 775067
775805	Freya - Panties - 775805
768089	Lily Of France - Panties - 768089
771509	Pour Moi - Panties - 771509
771689	Bali - Panties - 771689
778457	DKNY - Panties - 778457
767267	Freya - Shapewear - 767267
778007	Curvy Kate - Shapewear - 778007
771419	Lepel - Shapewear - 771419
773399	Pour Moi - Shapewear - 773399
765758	Gossard - Shapewear - 765758
777467	Bali - Shapewear - 777467
764639	DKNY - Shapewear - 764639
776207	Bali - Shapewear - 776207
767264	DKNY - Full - 767264
766829	Michael Kors - Full - 766829
778364	Tahari - Full - 778364
776924	DKNY - Full - 776924
775520	Via Spiga - Full - 775520
778526	Via Spiga - Mini Skirts - 778526
775163	Tommy Hilfiger - Mini Skirts - 775163
775292	Rag & Bone - Mini Skirts - 775292
775502	Marc Jacobs - Mini Skirts - 775502
767438	Michael Kors - Mini Skirts - 767438
774302	Coach - Mini Skirts - 774302
771398	Eileen Fisher - Mini Skirts - 771398
764438	DKNY - Mini Skirts - 764438
774749	Valentino - Mini Skirts - 774749
766097	Ralph Lauren - Mini Skirts - 766097
767168	Tory Burch - Mini Skirts - 767168
766625	Marc Jacobs - Pencil Skirts - 766625
772832	Valentino - Pencil Skirts - 772832
775679	Nautica - Pencil Skirts - 775679
766202	Tahari - Pencil Skirts - 766202
775085	Calvin Klein - Socks - 775085
772967	Free People - Socks - 772967
771887	Karen Kane - Socks - 771887
777401	Jockey - Tights - 777401
776771	Jones New York - Cardigans - 776771
775730	Inc - Cardigans - 775730
765023	French Connection - Cardigans - 765023
778031	Theory - Cardigans - 778031
771443	Kate Spade - Cardigans - 771443
769475	Guess - Sweaters - 769475
774623	Alexander Mcqueen - Sweaters - 774623
774587	Tahari - Sweaters - 774587
769655	DKNY - Sweaters - 769655
766688	Alexander Mcqueen - Sweaters - 766688
776072	Jantzen - Bikinis - 776072
777812	Just Beachin - Bikinis - 777812
769064	Becca Beach - Bikinis - 769064
777992	DKNY - Bikinis - 777992
777632	Bikini Lab - Bikinis - 777632
771404	Diesel - Bikinis - 771404
769604	Speedo - Bikinis - 769604
768524	Nike - Bikinis - 768524
766103	Anne Cole - Bikinis - 766103
777272	DKNY - Bikinis - 777272
774161	Reebok - Swimsuits - 774161
770567	Guess - Swimsuits - 770567
772547	Inc - Swimsuits - 772547
769667	Victorias Secret - Swimsuits - 769667
776255	Just Beachin - Swimsuits - 776255
777155	Speedo - Swimsuits - 777155
776714	BCBG - Evening Tops - 776714
768146	Eileen Fisher - Evening Tops - 768146
773906	Anne Klein - Evening Tops - 773906
772466	Nautica - Evening Tops - 772466
765545	Guess - Evening Tops - 765545
774926	Bebe - Printed Tops - 774926
777791	Bebe - Printed Tops - 777791
768683	Eileen Fisher - Printed Tops - 768683
767963	Kate Spade - Printed Tops - 767963
764423	Marc Jacobs - Printed Tops - 764423
769583	Guess - Printed Tops - 769583
774467	Jones New York - Printed Tops - 774467
772457	Nautica - Shirts & Blouses - 772457
768317	Nautica - Shirts & Blouses - 768317
772097	Burberry - Shirts & Blouses - 772097
767957	Burberry - Shirts & Blouses - 767957
775061	Valentino - T-Shirts & Vests - 775061
772583	Steve Madden - T-Shirts & Vests - 772583
768983	Kenneth Cole - T-Shirts & Vests - 768983
767543	Jones New York - T-Shirts & Vests - 767543
776471	Kenneth Cole - T-Shirts & Vests - 776471
774647	Tory Burch - Casual - 774647
776987	Burberry - Casual - 776987
770759	Ralph Lauren - Casual - 770759
774167	Michael Kors - Crop - 774167
767066	Michael Kors - Crop - 767066
769133	Via Spiga - Crop - 769133
770033	Ralph Lauren - Crop - 770033
766526	Tory Burch - Crop - 766526
769118	Ralph Lauren - Jumpsuits - 769118
772898	Steve Madden - Jumpsuits - 772898
768758	Steve Madden - Jumpsuits - 768758
768038	Valentino - Jumpsuits - 768038
774353	DKNY - Suit Trousers - 774353
769829	BCBG - Suit Trousers - 769829
769469	Kenneth Cole - Suit Trousers - 769469
765968	Theory - Suit Trousers - 765968
770369	DKNY - Suit Trousers - 770369
773789	Anne Klein - Suit Trousers - 773789
754748	Calvin Klein - Bags & Purses - 754748
753986	Furla - Bags & Purses - 753986
753791	Ippolita - Jewelry - 753791
755099	Armani - Sweaters - 755099
754655	Diane Von Furstenberg - Dresses - 754655
754295	Tahari - Dresses - 754295
754343	Hugo Boss - Denim - 754343
754460	Speedo - Swimwear - 754460
754700	DKNY - Dresses - 754700
754781	Anthropologie - Sweaters - 754781
754985	Puma - Sweaters - 754985
753764	Tahari - Tops - 753764
753839	Kate Spade - Sweaters - 753839
753977	Ideology - Socks & Tights - 753977
753980	Anne Klein - Dresses - 753980
753995	Under Armour - Sweaters - 753995
754085	Lanvin - Sweaters - 754085
754109	Badgley Mischka - Sweaters - 754109
754154	Banana Republic - Sweaters - 754154
754190	Diesel - Swimwear - 754190
754208	Tommy Hilfiger - Denim - 754208
754220	Hugo Boss - Sweaters - 754220
754229	Tory Burch - Skirts - 754229
754448	Adidas - Swimwear - 754448
754607	Old Navy - Socks & Tights - 754607
